"","03_months","06_months","12_months","16_months","23_months"
"Rdh16 positive cells-5-gWAT",0.00186449105620599,0.000831129890051033,0.000392515242332351,0.000740580720124589,0.000100975530010007
"Enteric glia-2-Ileum",0.000761331161703205,0.000379686831797199,0.000270049723876164,0.000335883118943766,0.00017862591516421
"Principal cells-14-Kidney",0.000163516522292687,0.000103171363250304,9.00387232407119e-05,7.97604758456584e-05,3.57740404304979e-05
"Tenocytes-1-Muscle",0.0046107584553378,0.00284218551676769,0.00218576449537853,0.00230428258957686,0.000963166624023666
"Adipocytes-4-Colon",0.000928619650377988,0.000298872302810126,3.1516866432955e-05,0.00010610169293697,9.37725842305723e-05
"Adipocytes-6-Ileum",0.000164711248624472,5.35319133532472e-05,5.69164921227575e-06,2.33770418292585e-05,1.50481644383402e-05
"Adipocytes-2-Ileum",0.00126305367722036,0.000272984194779637,4.56232203659843e-05,0.000199007430408477,0.000118039478107648
"Adipocytes-5-Ileum",0.000227602905208513,6.17197988533816e-05,1.59892830279147e-05,4.9513854790442e-05,2.19156057805093e-05
"Lymphoid cells_T cells-19-Colon",0.000541495069166919,0.000120092722892968,7.17640892546208e-05,8.69757636453322e-05,2.47588325531998e-05
"Adipocytes-5-Heart",0.00108358259268776,8.94964712534914e-05,4.6865876878474e-05,8.21850555036907e-05,1.27570529268741e-05
"Brown adipocytes-2-BAT",0.175893688740742,0.03259437579194,0.00979049680576075,0.0173260777849743,0.00875586893809107
"Adipocytes-0-Ileum",0.00142372267597978,0.000187233789058935,5.69164921227575e-06,4.1740586622424e-05,5.68646368792504e-05
"Myeloid cells-8-Muscle",0.00155178050852943,0.000462129647498715,0.000243099052657156,0.000169833040555394,0.000212035451461367
"Erythroblasts-2-Muscle",0.00118871428421009,0.000261776395825846,0.000256741310793424,0.000133440085401655,3.73819904412146e-05
"Adipocytes-7-Colon",6.47631653728123e-05,1.20299379605276e-05,8.04810696897028e-06,0,0
"Erythroblasts-4-Muscle",0.000917436226198448,0.000173622306964463,0.000250808882701365,0.000253536162263144,3.01677325932183e-05
"Adipocytes-3-Ileum",0.00054519190555497,0.00016072143767256,5.40526826769156e-05,0.000188439988117767,5.63932175576554e-05
"Lymphoid cells-9-Muscle",0.00150219811521121,0.000232660848974764,0.000250371277471652,0.000444656978834427,6.47101880084952e-05
"Adipocytes-5-iWAT",0.0707323328529966,0.0112363434475448,0.00718186823067202,0.0188307263408912,0.0051106078757204
"Type II myonuclei-7-Muscle",0.0829227607997721,0.00624116882334741,0.00447481866290408,0.0224482868767964,0.00119982255706707
"Lymphoid cells_T cells-0-Lung",0.0231057421565445,0.0236347151857558,0.0150030780982674,0.0113886014823896,0.00593442143319933
"Neural cells-1-gWAT",0.000258848513983939,0.000262361688879669,0.000143138603349157,0.000104740793304254,2.11440681572162e-05
"Lymphoid cells_T cells-1-Ileum",0.0168071529877032,0.0166896727639614,0.0104298193423541,0.00779133932738846,0.00328121571170898
"Lymphoid cells_T cells-6-Heart",0.00130718161979404,0.00119511522274434,0.000858545085173811,0.000570682182394974,0.00049368247357631
"Type B intercalated cells-4-Kidney",0.00187150557852498,0.00163002263323654,0.000642655097397794,0.000389665097947034,0.000231882609006465
"Lymphoid cells_T cells-0-iWAT",0.0927710987777467,0.0502206932066051,0.0463287097201206,0.0220196689068659,0.0164379782643488
"Podocytes-0-Kidney",0.000998263147948141,0.000677686746472712,0.000591248905820609,0.000458401091014938,0.000329313158883273
"Vascular endothelial cells-9-gWAT",0.00744244844786693,0.00403025847206253,0.00318280556216137,0.00026623293411892,0.00128451123633852
"Lymphoid cells_T cells-12-iWAT",0.0063455188699395,0.00434648108742329,0.00378385731474619,0.00155762585150965,0.00159146567680297
"Principal cells-6-Kidney",0.00113056694467869,0.000933279611235457,0.000880105291648549,0.000515986589141662,0.000393577529049073
"Connecting tubule cells-20-Kidney",0.000275712977860254,0.000212984131470107,0.000175822999402052,0.000129041176091022,8.93036121888227e-05
"Principal cells-3-Kidney",0.0013788000940793,0.00104134662058342,0.000772932335907172,0.000660561629733757,0.000442788825342132
"Principal cells-7-Kidney",0.000442113202827738,0.000385911387665295,0.000281831882662866,0.000211305880233847,0.000146622137457829
"Mirg positive cells-0-Muscle",0.000739471688421626,0.000606207328762837,0.000449398602278577,0.000314973078343766,0.000169986038967104
"Mural cells-19-gWAT",0.000842925428661082,0.000610917733528344,0.000392639283074687,0.000127306006771174,8.1615731636396e-05
"Descending thin limb of LOH cells-0-Kidney",0.00202986671451437,0.00162657058454414,0.001149737317262,0.000798354347669709,0.000595817440163263
"Principal cells-9-Kidney",0.000314393485702319,0.000244997529719447,0.00019050954206757,0.000137045910586241,0.000114396040710521
"Tenocytes-4-Muscle",0.00188870731283229,0.00128231414956909,0.000641014284022354,0.000563433951770828,0.000295568319718897
"Tenocytes-7-Muscle",0.000584552370272619,0.00038368303122239,0.000225930126103552,0.000232914012789463,0.000161763627370172
"Fibroblasts-22-Ileum",0.00089484003661963,0.000507706212942188,0.000360881709908009,0.000324095877527938,0.000249118191797461
"Goblet cells-9-Colon",0.0165671659357906,0.00637642688118594,0.00127618853605054,0.000699524601772469,0.000221429892809446
"Myeloid cells-5-Ileum",0.00784326659503837,0.00275369482028566,0.000709613794537802,0.00052205432819953,0.00052025985152716
"Rdh16 positive cells-0-gWAT",0.00654212952117454,0.00371128658525596,0.00150281831708343,0.00199811386788619,0.00183637542789517
"Adipocytes-6-Colon",0.000271214281759976,0.00016954146168399,3.94566571330284e-05,5.1501337550499e-05,7.54735526053319e-05
"Adipocytes-6-gWAT",0.00587083340288048,0.0043647119723951,0.000453651917867133,0.000668157109702588,0.000879389122710981
"Adipocytes-3-BAT",0.0111129294403732,0.00767066716035432,0.00100799448347648,0.000759742667898097,0.000529012418286296
"Adipocytes-11-gWAT",0.00849348970582002,0.00724669116904474,0.00356013535265504,0.00346251532722219,0.00348092889698148
"Brown adipocytes-5-Heart",0.000555659909734304,0.000329716025857414,0.000138468204005874,5.67523830583855e-05,0.000116296659646526
"Intestinal epithelial cells-19-Ileum",0.00791176460403372,0.00598042928293737,0.00245165825930504,0.00178591201219061,0.00298577776580392
"Skeletal muscle cells-7-gWAT",0.00138643745293922,0.00137433642691247,0.000646431214308522,9.9169894460937e-05,0.000475952996713577
"Gastric mucous cells-12-Stomach",0.0124400118451039,0.0115365961354363,0.00587774004199376,0.00258196865748743,0.00415909142308715
"Mesothelial cells-2-Ileum",0.000449912285194799,0.000525804285934841,0.00015558589480024,0.000130493300873387,0.000127968446432982
"Adipocytes-6-Muscle",0.00458768863621002,0.00520607930955381,0.000291474765988321,0.000569542575663868,0.000763325872981543
"Lymphoid cells_T cells-0-Colon",0.00801708233340644,0.00866738598772918,0.00306237339412217,0.00317742221355099,0.00295607700253575
"Adipocytes-1-gWAT",0.0948214024060031,0.0811121950137833,0.0144518544411059,0.00896248954780273,0.0348033503973066
"Adipocytes-2-Colon",0.000786838575819362,0.000717769606239114,9.89073955757252e-05,0.000222681364680728,0.000335522357285625
"Lymphoid cells_B cells-4-gWAT",0.00107053033841575,0.00254069868441526,0.0041459317505239,0.00707364167944494,0.00583608007994347
"Lymphoid cells_T cells-1-Heart",0.000893548385650694,0.00151287436800399,0.00400352096429719,0.00501334568443289,0.00421141886612559
"Distal convoluted tubule cells-11-Kidney",0.000757264676873082,0.000761271216197814,0.00295907775861452,0.00326817364185076,0.00335396145856438
"Lymphoid cells_T cells-17-Kidney",8.48948884942815e-05,7.56744362253137e-05,0.000133525605166055,0.000221647507354331,0.000198594164253823
"Lymphoid cells_T cells-8-gWAT",0.00255843952937577,0.0017992940073791,0.00395014942073433,0.00562482370967048,0.0054616698886487
"Myeloid cells_Mast cells-5-Ileum",2.07945060482719e-05,1.11292260240481e-05,6.38295673526061e-05,0.000100593591298836,9.40595445055903e-05
"Lymphoid cells_Plasma cells-7-gWAT",6.52670569387554e-05,3.73286395155652e-05,0.000168658103737021,0.000281815083208923,0.000381090983432488
"Lymphoid cells_T cells-23-Kidney",5.18571036043453e-05,4.73278266137287e-05,7.66605431347509e-05,0.000122719517710909,0.000132306383287105
"Lymphoid cells_T cells-0-gWAT",0.00202715969442113,0.00350738338150533,0.00908169584095608,0.0133411654049442,0.0161319397912628
"Lymphoid cells_T cells-6-Colon",0.00141186653948163,0.00187642991315118,0.00277574005380929,0.00344311609681112,0.00394595628508127
"Myeloid cells_Mast cells-3-Ileum",2.1119093652714e-05,4.2759490385138e-05,7.92562683987276e-05,0.000110074241879188,0.000122493228809954
"Lymphoid cells_Plasma cells-12-Lung",0.000181512968374689,0.000209117874842809,0.000388167612107306,0.000499304208979723,0.000643084115632452
"Lymphoid cells_Cycling B cells-18-Ileum",4.10061285389985e-05,0.00014633899156343,0.000555664554119569,0.000732679848110163,0.00100437837843205
"Myeloid cells_Mast cells-1-Ileum",2.19876170418408e-05,4.04285412661494e-05,8.39491183916657e-05,0.00015241514230836,0.000145502058669027
"Lymphoid cells_T cells-21-Kidney",3.08998203768201e-05,5.72552389721521e-05,8.26832720912617e-05,0.000152525243241931,0.00015275969923101
"Neuromuscular junction myonuclei-5-Muscle",0,5.09171774373134e-05,8.96275512378829e-05,0.00020437760799949,0.000205318354179235
"Lymphoid cells_T cells-8-Kidney",0.000238465167373012,0.000387278077113237,0.000532230904285824,0.0009619027774958,0.00102052983945073
"Myeloid cells_Dendritic cells-7-Lung",0.000341881825329451,0.000475454111411607,0.000699859183047424,0.00117542386088494,0.00122292765044558
"Lymphoid cells_T cells-3-Lung",0.00182834209270839,0.00369780342807745,0.00556162901394924,0.0162528237331698,0.0172777434382485
"Myeloid cells_Dendritic cells-4-Kidney",6.21168280504513e-05,6.95223983342903e-05,0.000113320859577365,0.000260207494047038,0.000273529806964285
"Lymphoid cells_T cells-22-Kidney",4.46702366837412e-05,5.15557350505087e-05,7.86379309743874e-05,0.000146379871319269,0.000160299364734278
"Lymphoid cells_B cells-1-gWAT",0.000949739141514968,0.00245331189649223,0.00662117099244159,0.020202370604894,0.0237635065216751
"Lymphoid cells_T cells-20-Kidney",4.38929750793913e-05,5.36134335205692e-05,7.58183081615467e-05,0.000152956481087199,0.00018642532994735
"Lymphoid cells_T cells-6-Lung",0.000641423550295012,0.0020041851791518,0.00402021627996148,0.0118822193786275,0.0146464494629161
"Lymphoid cells_T cells-11-Kidney",0.000196565728653009,0.000216037788174438,0.000281166230365894,0.000503926015133491,0.000460628482651473
"Lymphoid cells_T cells-25-Kidney",2.76148284746281e-05,3.56579343993697e-05,5.72019208158814e-05,0.000118610263924853,0.000103951274491106
"Lymphoid cells_T cells-0-Kidney",0.000315322161617418,0.000380625663239611,0.000762186348333786,0.00207933007091595,0.00196897529322076
"Lymphoid cells_T cells-6-Kidney",0.000141304411675871,0.000146052794422091,0.000202875632029028,0.000327836322036241,0.000326775680025323
"Lymphoid cells_B cells-3-Kidney",0.000167439085635267,0.000316763927689935,0.000503296310324686,0.000666341786309577,0.000692426129628561
"Lymphoid cells_T cells-2-Lung",0.00255479304148369,0.00696683195650022,0.00992636525247087,0.0155543953310181,0.0157999904432175
"Lymphoid cells_B cells-4-BAT",5.24403236513217e-05,0.000100788761339147,0.000111464485336475,0.00138053653797623,0.00116963178957947
"Lymphoid cells_B cells-4-Kidney",7.0788367845246e-06,4.90887077226047e-05,0.000188238584431515,0.00115006257539412,0.00100372644937055
"Lymphoid cells_Plasma cells-5-Kidney",3.21729618428673e-06,1.05520138433392e-05,4.17292079650522e-05,0.000251845169538768,0.000220583831803431
"Lymphoid cells_T cells-12-Kidney",2.23697420248518e-05,4.27347808608687e-05,9.39420798408788e-05,0.000764252234804451,0.000694895657561775
"Fibroblasts-22-Kidney",1.2553549088393e-05,7.15083110882676e-05,0.00013254889438755,0.00083754778704624,0.000800337242919187
"Lymphoid cells_Plasma cells-7-Lung",2.91436216894956e-05,5.73800562188561e-05,0.000172871359070956,0.00111790048147855,0.00107078738875709
"Myeloid cells_Dendritic cells-6-Kidney",5.41054725009526e-05,7.30845122001002e-05,6.96869162118012e-05,0.000140039096952321,0.000162952575871516
"Myeloid cells_Interstitial macrophages-4-Lung",0.000167395945327076,0.000311126762580039,0.000321522501520364,0.000708479083419465,0.000947880947211876
"Lymphoid cells_T cells-12-Liver",0.000140460356391084,0.000156588431949709,0.000149152056901356,0.000282727804157811,0.000341202393946314
"Lymphoid cells_T cells-12-Lung",0.00128334625170975,0.00153742546132756,0.00148347161398784,0.00342228182089188,0.00411862745556783
"Lymphoid cells_Plasma cells-6-Lung",3.7392123723059e-06,2.05804081698473e-05,0.000130498622527232,0.000871363037170035,0.00123779461919129
"Lymphoid cells_Plasma cells-12-Kidney",0,3.67091451838908e-06,6.46729113520579e-06,3.80856450182609e-05,5.14044518732051e-05
"Lymphoid cells_Plasma cells-17-Lung",0,1.72325839412003e-05,3.76192412687822e-05,0.000185704935780352,0.000262550893074198
"Proximal tubule cells-12-Kidney",0.000136167728194856,0.000280529690256293,0.000682130452303012,0.00419355306549157,0.00516584072192459
"Lymphoid cells_Plasma cells-3-Lung",1.62301564378584e-05,9.16069924619566e-05,0.000283998043590692,0.00149303012393185,0.00192211470239379
"Podocytes-4-Kidney",5.12821065543567e-05,0.000101050872120928,0.000102552172845165,0.000324097445937818,0.000488693824941456
"Lymphoid cells_Plasma cells-9-Lung",1.5124592709118e-05,0.000113520973327592,0.000216558289644569,0.000675459301219462,0.00105849130916273
"Lymphoid cells_Plasma cells-4-Lung",2.03515326067795e-05,6.41223375557522e-05,0.000234379614100227,0.00097041835484868,0.00152420068207034
"Lymphoid cells_T cells-14-Kidney",9.67099587484417e-05,0.000102653246397548,0.000171757672347851,0.000349276341129085,0.000484831152406022
"Lymphoid cells_Plasma cells-5-Lung",6.24547203277624e-06,9.26399582198372e-05,0.000292533133061576,0.00089222053900048,0.00148859894772683
"Myeloid cells_Alveolar macrophages-3-Lung",0.00314989825838742,0.00326078131335296,0.00562138372579717,0.0109266764030793,0.0165022936597814
"Lymphoid cells_Plasma cells-1-gWAT",0.000227089256813716,0.000522507676536394,0.00233346047909411,0.00509801059994543,0.00804560298875812
"Lymphoid cells_T cells-15-Kidney",3.4319381115468e-05,5.97006798170887e-05,0.000133067957238514,0.000259745083747104,0.000421463259292225
"Myeloid cells-13-Kidney",3.49506524129758e-05,2.01942631645624e-05,7.13246894730939e-05,0.000312004464909923,0.000479136341529278
"Lymphoid cells_Plasma cells-1-Kidney",0,5.94696088610303e-05,0.000107339023462229,0.000970036823478552,0.00163663086912008
"Lymphoid cells_T cells-4-Kidney",0.000397284102380967,0.000443939147172159,0.000474941944899034,0.00129617998684929,0.00174250233791662
"Myeloid cells_Dendritic cells-8-Kidney",3.40494208432016e-05,3.55118071656267e-05,3.72425476950194e-05,7.55942613376587e-05,0.000100187959862378
"Lymphoid cells_T cells-10-Kidney",0.000140831144619081,0.000147143891437531,0.00012828768687189,0.000360777836408675,0.000436241054666749
"Juxtaglomerular cells-7-Kidney",0.000123915646204737,0.000130284179927745,0.00012617615713913,0.000265288693774334,0.000274227820876555
"Lymphoid cells_T cells-14-Ileum",9.50193970163049e-05,0.000239524065928248,0.000528055271299611,0.00405845980363511,0.00469190716609632
"Adipocytes-6-iWAT",0.00335938460452362,0.0105027454597741,0.0111668770830034,0.0152614833662894,0.0213125975493895
"Lymphoid cells_Plasma cells-5-iWAT",3.70494933478559e-05,0.00045791800034709,0.000456590705931151,0.000562580443117894,0.000984116060864351
"Myeloid cells_Interstitial macrophages-12-Lung",2.72627647412445e-05,6.94257807899682e-05,9.27798648743036e-05,0.000165834292534917,0.000218561065953461
"Myeloid cells_Dendritic cells-14-Lung",0.000144011314686478,0.00028420353503957,0.000239310629210305,0.000409627615465015,0.000576503704580335
"Lymphoid cells_B cells-10-Liver",0.000175998494871347,0.000330259409605792,0.000217632309176031,0.000590484564082075,0.00107505288954704
"Myeloid cells_Alveolar macrophages-8-Lung",0.000781830688802826,0.000597251253419514,0.000945453706594321,0.00164517850137997,0.0029684948505089
"Lymphoid cells_B cells-3-Liver",0.000477377319499744,0.00075866812422509,0.00165141418831988,0.0024074765026054,0.00481439379304637
"Myeloid cells_Mast cells-1-Jejunum",2.12924660227047e-05,7.15022048631355e-05,5.86972018133785e-05,0.000104283983493412,0.000203087117159468
"Lymphatic endothelial cells-6-Lung",3.00526207067882e-05,7.89305410342603e-05,8.85623939596454e-05,0.000155456660361167,0.000285863455976573
"Lymphoid cells_B cells-12-Liver",0.000162130297405002,0.000233258595871331,0.000254872182959313,0.00033270404461522,0.000605307861717191
"Myeloid cells_Interstitial macrophages-15-Lung",1.3723896777388e-05,3.84260483026762e-05,3.74484821515749e-05,5.61941503218753e-05,0.00013060153922035
"Myeloid cells-21-gWAT",0.000131482669872079,0.000549637458952407,0.000489122740754909,0.00130768816929848,0.00312921640577409
"Lymphoid cells_T cells-7-Liver",0.000113595988481404,0.000242773116531278,0.000211389034229428,0.00081488141767818,0.0019163232084676
"Myeloid cells-18-Liver",0.000203476453374919,0.000313689359591784,0.000279422868503238,0.000600465156463552,0.00111099668905428
"Lymphoid cells_T cells-3-Kidney",2.87390129229318e-05,7.30740024382982e-05,0.000121610482746908,0.000411547521584053,0.000869707523525129
"Lymphoid cells_Plasma cells-8-Kidney",5.47471230386843e-06,1.42896140019744e-05,2.52333035390404e-05,0.00010688830909536,0.000232566753704281
"Lymphoid cells_Plasma cells-13-Lung",1.20511404385008e-05,6.60376081708984e-05,9.42563803177657e-05,0.000434855007395888,0.000962431009367261
"Lymphoid cells_Plasma cells-2-gWAT",0.000185776817028015,0.000151787888334882,0.000606513488328561,0.00215400927115955,0.00537253895919143
"Lymphoid cells_Plasma cells-0-Kidney",5.95465233622094e-06,6.57947398613648e-05,0.000177488741646775,0.000920206256607455,0.0024822120112995
"Lymphoid cells_B cells-6-Kidney",5.51619612313511e-05,6.90534694401959e-05,9.82098816856412e-05,0.000333232215736712,0.000757155613612049
"Lymphoid cells_Plasma cells-14-Lung",1.02798166080717e-05,2.90501121303075e-05,6.15913459553278e-05,0.000296311625209111,0.000748792444348671
"Lymphoid cells_T cells-6-Liver",0.000195604586113831,0.000330451402460131,0.000819698606180046,0.0018014788089208,0.00415754533707962
"Lymphoid cells_B cells-8-Lung",0.000640071196570531,0.00112590278830358,0.00294716795282721,0.00660716360642039,0.0150335560862401
"Lymphoid cells_Plasma cells-0-Lung",1.03668482016974e-05,9.33719138655135e-05,0.000909234772428309,0.00266564093094366,0.00696569150086439
"Myeloid cells_Interstitial macrophages-3-Lung",2.8848489486506e-05,0.000139499577144792,0.000436158651977176,0.00127621353584619,0.00323143746702224
"Lymphoid cells_Plasma cells-10-Lung",0,4.03739335724893e-05,0.000156248134926522,0.00048394149731656,0.00116351645674904
"Lymphoid cells_Plasma cells-2-Lung",3.45561606723247e-06,0.00011353244165582,0.00040885725945891,0.00141812451015794,0.00349570154973569
"Lymphoid cells_T cells-6-gWAT",0.000255139211421593,0.000493393174919057,0.00176619159793497,0.00489036765268103,0.0110331880062813
"Lymphoid cells_B cells-5-gWAT",0.000167292863458509,0.000294518274442635,0.00114112044139027,0.00370866869971577,0.00844573058714524
"Myeloid cells-15-Kidney",7.96667010584176e-05,8.66004356348967e-05,0.00010562704121485,0.000184294184386479,0.000322079767143121
"Myeloid cells-8-Kidney",0.000111202914060251,0.000137818316619382,0.000152997733795329,0.000257254968486098,0.000454406304865446
"Lymphoid cells_T cells-15-gWAT",0.000120543584074091,0.000247638055186995,0.000345925817081123,0.000760238308916524,0.00168957505343168
"Myeloid cells-16-Kidney",5.71873772494289e-05,6.6879654729305e-05,7.88383039274066e-05,0.00012027684652642,0.000212424182168218
"Lymphoid cells_Plasma cells-1-Lung",8.86638146276521e-05,0.000204126150273181,0.000348661395213706,0.00274537658017631,0.00551198713498665
"Lymphoid cells_Plasma cells-11-Lung",0,3.49820394373505e-05,7.36629754422513e-05,0.000507158351232125,0.0010845031995145
"Lymphoid cells_Plasma cells-11-Kidney",0,3.46977102864812e-06,5.96307735580139e-06,3.87629318649805e-05,7.34740584222813e-05
"Lymphoid cells_Plasma cells-4-Kidney",0,5.07973032417537e-06,5.21490863224643e-05,0.000303734662224786,0.000586089174296962
"Lymphoid cells_T cells-20-gWAT",0.000214283365760119,0.000234195763502773,0.000422948297733053,0.000694791300624845,0.00129493635065361
"Lymphoid cells_T cells-2-Kidney",0.000317973135142009,0.000350033249639783,0.000597664312341938,0.00101718862757569,0.00185825624631287
"Fibroblasts-25-Lung",2.74593294526922e-05,5.42467086045954e-05,0.000133210585080009,0.000338407658002079,0.000610111874827696
"Lymphoid cells_T cells-2-gWAT",0.00131960236490639,0.00149838955219219,0.00347790482437851,0.0087716888385755,0.0160944601650807
"Lymphoid cells_T cells-21-gWAT",0.000206815661994221,0.000202644583243671,0.000367096397101417,0.000701151278238273,0.00123841137047214
"Lymphoid cells_Plasma cells-6-Kidney",0,4.63054431069615e-06,1.58377281433315e-05,8.72572815277703e-05,0.000274791171001262
"Lymphoid cells_Plasma cells-7-Kidney",0,8.64963831362682e-06,2.28492087325791e-05,8.82173444936823e-05,0.000262839268178128
"Lymphoid cells_Plasma cells-15-Lung",1.31567041672412e-05,3.61094830969152e-05,0.000103521885458313,0.000256267456285103,0.000671487081632541
"Lymphoid cells_T cells-16-Kidney",7.00770306799363e-05,6.40384597401079e-05,0.000109702445941223,0.000150915863358226,0.000303645307336754
"Lymphoid cells_T cells-23-gWAT",9.33683238420968e-05,0.000145407355088451,0.00033852694166399,0.000495934526017087,0.00116542614644145
"Lymphoid cells_B cells-6-Liver",9.34616122890084e-05,0.000239602859360936,0.000959880121418449,0.00175949108317543,0.00428870193998297
"Lymphoid cells_Plasma cells-16-Lung",0,1.15356414570203e-05,6.37385677358407e-05,0.000134660879753415,0.000342309011360403
"Lymphoid cells_T cells-9-Ileum",0.00340747878952249,0.0044777082248256,0.00473132028537334,0.00739295146829605,0.0105114831841632
"Myeloid cells_Interstitial macrophages-1-Lung",0.000614614903423967,0.000810970057962867,0.00099739486611977,0.00143357054609929,0.00204728390519862
"Lymphoid cells_Plasma cells-3-Kidney",2.45305494787401e-05,9.32267715824073e-05,0.000165695902289445,0.000286415828292511,0.00042478466694033
"Lymphoid cells_T cells-13-Kidney",0.000105923793335181,0.000140643582701873,0.000219484535961206,0.00031963875917085,0.000462864607307004
"Lymphoid cells_T cells-17-gWAT",6.56705801418645e-05,0.000204788286866924,0.000393740500384997,0.000563542407909823,0.00173608854037326
"Lymphoid cells_Plasma cells-1-iWAT",0.000107933705915385,0.000465040044862735,0.0012162063066348,0.00104535937598087,0.00380210637867982
"Lymphoid cells_T cells-11-Jejunum",0.0013024057617586,0.00239168665064945,0.00464118305233359,0.00447038047717675,0.0055002822536931
"Urothelial cells-14-Kidney",0,7.10609848963839e-06,2.65992231184957e-05,2.31098384267684e-05,3.76652856986488e-05
"Myotendinous junction myonuclei-0-Muscle",0.00093543197612646,0.00152838349821997,0.00242019995228175,0.00293915274367668,0.00438125333246057
"Thick ascending limb of LOH cells-9-Kidney",0.000467053402742706,0.00142126837576567,0.00317444569141301,0.00309967816739055,0.00524679054653539
"Lymphoid cells-12-Muscle",6.38195044783604e-05,0.000136809484115529,0.000347109508192185,0.000349123931341611,0.000681609169537146
"Lymphoid cells_Cycling B cells-17-Ileum",0.000104127818663295,0.000231872375815958,0.00055911865409885,0.000617678503869752,0.00105566777083692
"Proximal tubule cells-11-Kidney",0.00245943573715401,0.00221342659122501,0.00697511845727104,0.00544832158690997,0.0129230085259249
"Lymphoid cells_T cells-10-gWAT",0.000913672933098428,0.00115392071765201,0.00397433301253564,0.00332948422527546,0.00658516462678887
"Lymphoid cells-5-Stomach",0.000696196598207839,0.000483754663686694,0.00193801935765223,0.00157586214768694,0.0027656007386708
"Sis positive cells-2-Colon",0,0.000232473285516127,0.00027600783364265,7.79381481105767e-05,0.000569499109247475
"Lymphoid cells_Plasma cells-3-Jejunum",0.000716730618208624,0.00250563486740441,0.00279343706552231,0.00296356544271458,0.00600139340509981
"Myeloid cells_Monocytes-0-Lung",0.00624703099629728,0.0138553695380095,0.0156683502104844,0.0147875823392434,0.0279348174211831
"Lymphoid cells_T cells-6-Jejunum",0.000658367296134167,0.00563135252882455,0.00796890804904573,0.00488735399460514,0.0136104284121574
"Myeloid cells_Mast cells-2-Jejunum",0,6.2199729932167e-05,9.40708353076431e-05,5.46063549545298e-05,0.000187469124508055
"Sis positive cells-1-Colon",3.7147102526003e-06,0.000203523486814258,0.000326479272009702,0.000205419446487813,0.000601496381109494
"Sis positive cells-8-Colon",0,2.48812166356024e-05,4.02940641784788e-05,2.18209558070239e-05,9.59659771782264e-05
"Lymphoid cells_Cycling B cells-10-Ileum",0.000150526912411957,0.000511995380507377,0.000919897171284027,0.000547749071147537,0.00234781626840757
"Lymphoid cells_Cycling B cells-15-Ileum",8.88819191171946e-05,0.000263824566186356,0.000589115277167335,0.000228986961281483,0.00144547116595897
"Lymphoid cells_Plasma cells-2-iWAT",8.250403154389e-05,0.000408909994658673,0.00069032339879364,0.000229055241598202,0.00287116665761053
"Lymphoid cells_Plasma cells-6-Ileum",7.93686883912577e-05,0.000755949847632225,0.00041965933446964,0.000621000280678361,0.00480216984151917
"Lymphoid cells_B cells-16-Liver",8.71964031681551e-05,0.000154687051067457,8.71621476024908e-05,0.000185996548569345,0.000688303748169121
"Lymphoid cells_B cells-12-gWAT",1.90402610225751e-05,0.000146892340263214,0.000338019415197585,0.000503427755866086,0.00271762361610531
"Lymphoid cells_B cells-8-Liver",0.000117994136072044,0.000140163193589573,0.000446200224461042,0.00049172646372987,0.00221613358162951
"Lymphoid cells_T cells-18-gWAT",0.00021457920335971,0.000215876526049551,0.000409954195281947,0.000511221886793357,0.00147449341940954
"Lymphoid cells_T cells-11-gWAT",0.00020815822515594,0.000219582392222059,0.000470146539978995,0.000628213037443953,0.00229148354685389
"Lymphoid cells_Plasma cells-0-gWAT",0.000158635380780852,0.000356602403761897,0.000978586951019207,0.00206943933523497,0.00948615818447586
"Lymphoid cells_T cells-4-gWAT",0.000565115844164927,0.00110608035013271,0.00219072296763897,0.00426414601697511,0.0159160710170845
"Lymphoid cells_Plasma cells-10-gWAT",0,0,2.2322177003326e-05,5.14058210423857e-05,0.000219922844021848
"Lymphoid cells_Plasma cells-3-gWAT",5.64342406879169e-05,0.000125525952672526,0.000445355337740668,0.000916181775909857,0.00327875149657784
"Lymphoid cells_B cells-2-Liver",0.000251747705227387,0.000362283613155842,0.000232412997957175,0.00129079628890869,0.0118403946730318
"Lymphoid cells_B cells-14-Liver",0,1.48222469661337e-05,5.98368565574924e-05,6.58556226379905e-05,0.00134437791286079
"Lymphoid cells_B cells-0-gWAT",0.000970259111882852,0.00156391805651921,0.00238087140299804,0.00378357018431343,0.0548170160049342
"Lymphoid cells_Cycling B cells-3-Ileum",1.93809780950097e-05,0.000277884033902079,0.000424668194783899,0.000332364221075927,0.0196072502835904
"Hepatocytes-16-Liver",9.52960242068658e-05,4.14385320946041e-05,0.000235771218742841,0.000288508302929456,0.0391285906831725
"Lymphoid cells_B cells-7-Liver",3.92445492124166e-05,5.98823398400622e-05,4.57328836269853e-05,0.000107426485781541,0.00469517795806849
"Myeloid cells_Monocytes-17-Lung",7.75683505632704e-05,0.00019706185033033,0.000182831818856868,0.000169687933256333,0.00252523170936545
"Lymphoid cells_Cycling B cells-9-Ileum",3.65487717734282e-05,0.000198338906496345,0.000309204439691462,0.000195607535191654,0.00531464776142176
"Lymphoid cells_B cells-6-gWAT",0.000187209577482619,9.11604792056058e-05,0.000306354760219562,0.000516989820225442,0.00536004873716449
"Lymphoid cells_B cells-9-gWAT",4.6411645525319e-05,0.000151308458722326,0.000178702662800214,0.000342045361339686,0.00304395692175566
"Lymphoid cells_B cells-8-gWAT",7.50484291841617e-05,0.000150437993895575,0.000256109500206944,0.000332121869601023,0.00317565944087774
"Lymphoid cells_B cells-2-gWAT",5.54293113852962e-05,0.000445594008917636,0.00143989905372624,0.00274797527132847,0.0251954049740141
"Lymphoid cells_B cells-3-gWAT",0.00016845057701109,0.000256140468973061,0.00102313205582511,0.00168718568569754,0.0181348401690951
"Lymphoid cells_Plasma cells-8-Lung",9.98468440508214e-06,1.36344520996086e-05,5.8685897176466e-05,0.00012972779721833,0.00145341697948893
"Lymphoid cells_T cells-14-gWAT",0.000103698031265896,0.000145946509459899,0.00017462886469505,0.00039252131474155,0.00210433956457046
"Lymphoid cells_T cells-3-gWAT",0.000519402015681027,0.000420754370560824,0.00135777915729805,0.00242759606115558,0.0164876760204204
"Lymphoid cells_B cells-17-Liver",6.3314773990542e-05,0.000136579956863195,0.000130779627685657,0.000161915680269552,0.000720251160687572
"Myeloid cells-2-Kidney",0.000361294463220052,0.000684838924361591,0.000843236694591042,0.00090755598303826,0.00440756578305929
"Lymphoid cells_Cycling B cells-8-Ileum",6.2395645051365e-05,0.000147934526207599,0.000647057085345432,0.000613545152843221,0.00505829770215797
"Lymphoid cells_Cycling B cells-5-Ileum",0.00095123557269006,0.00181023704035224,0.0028396864633493,0.00248322165304272,0.0115692870628192
"Lymphoid cells_Cycling B cells-11-Ileum",0.000114803225872888,0.000259726506046307,0.000519699586031751,0.000370235680203917,0.00299475796006414
"Lymphoid cells_Plasma cells-0-iWAT",9.88730983292765e-05,0.000389341986916753,0.000841378552127788,0.000341993141131498,0.00436323457119062
"Lymphoid cells_Plasma cells-4-iWAT",1.74009883761398e-05,0.000103164502121905,0.000303115539128756,9.74139657834677e-05,0.00238875863059997
"Myeloid cells_Interstitial macrophages-14-Lung",3.53199179939193e-05,5.51154670594467e-05,4.50295168455977e-05,9.1186736258345e-05,0.000231073030028646
"Lymphoid cells_B cells-15-Liver",6.92503405682835e-05,0.000138794188313547,7.6286854415678e-05,0.000205790277686597,0.000700883959889647
"Lymphoid cells_B cells-18-Liver",6.60163884426072e-05,0.000129483877567565,9.73533179150577e-05,0.000221516435882093,0.000721773377185709
"Lymphoid cells_B cells-11-Liver",0.000140106454716418,0.00014030043364806,0.000146554223365472,0.000313887961425044,0.00109486234032192
"Lymphoid cells_T cells-4-Liver",0.00030045833448813,0.000503018442581653,0.000483873036237618,0.00173599251440217,0.00830429520236794
"Lymphoid cells_Plasma cells-2-Kidney",7.43480685145278e-06,1.5587764044275e-05,8.66008031200247e-05,0.000324791937400594,0.00129807492553429
"Lymphoid cells_B cells-3-Lung",0.002574831156185,0.00250168293169147,0.00315392090409585,0.00957433056088482,0.0319163320073381
"Adipocytes-1-Ileum",0.000733501124700782,0.000467518977397291,0.000121349720394716,0.00035012262286023,0.000220980673539238
"Lymphoid cells_T cells-7-iWAT",0.00792780828072178,0.014875484399572,0.0135883269289634,0.00266946517827125,0.00416182570541396
"Myeloid cells_Dendritic cells-8-iWAT",0.000484598473482369,0.0012343888315199,0.00100997543207448,7.77129884761966e-05,0.000374738875446919
"Adipocytes-1-Jejunum",0.000118246430247304,0.000630053863603918,0.000145047592512604,3.93956945106395e-05,0.0003090967604181
"Pancreatic acinar cells-2-Duodenum",0.000113729431848868,0.000288715814409034,0.00010767539369082,0,0.000133963980788455
"Myeloid cells_Dendritic cells-4-iWAT",0.00116448940386886,0.00256550441577138,0.00134850698974741,0.000497305265586971,0.00110207869784342
"Adipocytes-5-Stomach",0.000305208696860827,0.000700597661341658,0.000320395516849483,9.85880632157628e-05,0.000262415669470484
"Lymphoid cells_T cells-11-Heart",0.000458796420099275,0.00126077556747173,8.4328354044695e-05,0.000149621452270432,7.14065294427144e-05
"Gastric mucous cells-9-Stomach",0.00899335946852078,0.0171031187098235,0.00494383698516671,0.00425506019268481,0.00760027239136691
"Adipocytes-0-gWAT",0.0681307876429585,0.0914522916305219,0.0484082080225975,0.0125019219690319,0.0388277085273
"Adipocytes-10-gWAT",0.00615410424180151,0.00844030660985596,0.00498729661210321,0.00294006976403294,0.00407822920310278
"Hepatocytes-4-Liver",0.0706936339972474,0.13460049845539,0.0609297982198157,0.022360973508907,0.0224620326579982
"Adipocytes-2-gWAT",0.0438904327068775,0.05912917106749,0.0328706886589074,0.0175161822756456,0.0189500685207591
"Sis positive cells-3-Colon",7.13067196278567e-06,5.51433733762816e-05,0.000500740862868015,0.000134490298498235,0.000345665518418329
"Sis positive cells-0-Colon",1.76765773255144e-05,0.000295471726594335,0.000464725005755182,0.000203063783593551,0.000608022167944623
"Circulating hepatoblasts-3-Muscle",0,0,0.000531744120715948,4.37024735600035e-05,0.000743211949179076
"Sis positive cells-5-Colon",1.08810470002894e-05,6.92053088792391e-05,0.000259793384075576,0.000105350295404763,0.000363300745522812
"Chief cells-8-Stomach",0.00213611242658617,0.00224786600157797,0.0136522892071081,0.0124867588822201,0.00741786755932231
"Skeletal muscle cells-0-Stomach",0.000565718977559648,0.000645006815636495,0.00145984484559549,0.00237288318578713,0.00137557529953665
"Myeloid cells_Mast cells-0-Ileum",6.09429650899626e-05,6.20475877328108e-05,0.000122859962760719,0.000198504919480703,0.000130091364865274
"Hepatocytes-5-Liver",0.0230944434307606,0.00567543148371166,0.0719643568624122,0.0944365254295866,0.0550620430733826
"Adipocytes-11-Lung",4.21210467389262e-05,1.88269523129999e-05,9.49784303983258e-05,0.000156739758838017,7.07653481512136e-05
"Lymphoid cells_T cells-1-Kidney",0.000142300700263281,0.000194624906857659,0.00065991676256515,0.00267171251677884,0.0019071892357173
"Lymphoid cells_Plasma cells-18-Lung",0,1.18302341143308e-05,5.03871213354373e-05,0.000206511426742278,0.000144289734381864
"Lymphoid cells_T cells-24-Kidney",3.7142747062064e-05,4.88057259648113e-05,5.49041499733099e-05,0.00012741591699793,0.000104968972889068
"Lymphoid cells_B cells-20-Lung",0.000233880937995517,0.000349274882896188,0.000571076300162726,0.00237463678620791,0.00173545708103874
"Connecting tubule cells-14-Kidney",9.74484375826745e-05,6.19801204102977e-05,0.000124364827868322,0.000545106561122433,0.000393770297547104
"Brown adipocytes-0-BAT",0.0229023522740626,0.0107750625057247,0.0475665458090993,0.154838865083678,0.119981976615097
"Lymphoid cells_T cells-18-Kidney",4.74479272538497e-05,3.93727599800514e-05,8.88550154243723e-05,0.000239617617929272,0.000177012063385011
"Lymphoid cells_T cells-5-BAT",1.67926117245874e-05,0.000213443733496124,0.000475491306374792,0.00304499220072993,0.00147360581004877
"Lymphoid cells_B cells-13-Kidney",6.63707472403227e-05,7.95085204794249e-05,0.000101682998730589,0.000291598369578413,0.000189291342622958
"Lymphoid cells_Plasma cells-9-Kidney",0,5.44999537405581e-06,2.68924124902495e-05,0.000252245863380996,0.000132031706161332
"Lymphoid cells_B cells-3-BAT",1.67954316425932e-05,0.000142342546263989,0.000613823321927716,0.00314054559228826,0.00182342620541447
"Lymphoid cells_B cells-7-Kidney",1.31011848386508e-05,5.84909158714024e-05,0.000196679954898408,0.000689211062677407,0.000403075158115467
"Lymphoid cells_T cells-26-Kidney",4.07136390658672e-05,2.57785382043587e-05,5.89705858103991e-05,0.000124880675591125,8.28532601140184e-05
"Lymphoid cells_Plasma cells-4-gWAT",0.000226794962975406,0.00041567279436225,0.00110029050198058,0.00265007671317789,0.00179409536519404
"Lymphoid cells_B cells-8-Kidney",6.43459236857345e-06,4.13275923101177e-05,0.00018063481038637,0.000555460506028046,0.000282194399615582
"Brown adipocytes-15-BAT",0.00741741435736688,0.0026230300556696,0.00749187776847992,0.0163300025502204,0.00659901543979044
"Circulating hepatoblasts-0-Heart",0.000338382580899544,0,0.000430350580964366,0.00190337433444344,0.000190998259678659
"Circulating hepatoblasts-15-Heart",4.11790131352515e-05,0,5.9530502855943e-05,0.00026330675896588,1.49885487487559e-06
"Circulating hepatoblasts-5-Muscle",5.73000229200092e-05,9.00641256574681e-06,3.87531428970704e-05,0.000310516906050936,9.59589357988784e-05
"Lymphoid cells_B cells-7-BAT",5.03862949277796e-05,1.25355857648131e-05,0.000124976388282065,0.00212267980265418,0.000397260066185753
"Myeloid cells-22-BAT",0,9.0249136911969e-05,0.000144076855821619,0.00086789005742509,0.000186802766272872
"Lymphoid cells_T cells-2-BAT",4.67591091698254e-05,0.000142732767237512,0.000713901650734397,0.00556986504770859,0.00107021627815301
"Lymphoid cells_T cells-7-BAT",0.000100761310183536,0.000223859934374224,0.000429111614562802,0.00248492284407485,0.000510860392317957
"Lymphoid cells_B cells-16-Kidney",2.7231497107969e-05,4.83043528180128e-05,7.97684305855291e-05,0.00023172953829708,0.000101570249823892
"Lymphoid cells_B cells-17-Kidney",8.69200848815516e-06,1.45158632576965e-05,2.59341730897106e-05,7.5625322846481e-05,3.55678336720432e-05
"Lymphoid cells-5-Muscle",5.64795194804676e-05,5.19250445824922e-05,0.000268521392669948,0.00428174327440707,0.00133026148435633
"Lymphoid cells_B cells-2-BAT",0,0.000233501579490343,0.000663675237874729,0.00511253844974181,0.0020461482013341
"Lymphoid cells_T cells-14-BAT",0,1.75628116772167e-05,3.13534805384158e-05,0.000204746842687082,7.41158215434724e-05
